Exam Code,Exam Description,Subspecialty,Comments
ANG7050,ANG Y90 PLANNING,Angio,
ANG7051,ANG Y90 TREATMENT,Angio,
ANG8001,ANG A-V SHUNT,Angio,
ANG8002,ANG AORTA,Angio,
ANG8003,ANG CORONARY,Non-Radiology,
ANG8004,ANG CRANIAL,Non-Radiology,
ANG8005,ANG PULMONARY,Non-Radiology,"These are all associated with ""Physician Attending"" instead of IR rads"
ANG8007,ANG PERIPHERAL EXTREMITY,Non-Radiology,"These are all associated with ""Physician Attending"" instead of IR rads"
ANG8009,ANG CHECK/CHANGE PERC DRAIN,Angio,
ANG8010,ANG NEPHROSTOMY PLACEMENT,Angio,
ANG8011,ANG PTCA,Non-Radiology,
ANG8012,ANG VASCULAR EMBOLIZATION,Angio,
ANG8013,ANG VASCULAR INFUSION,Angio,
ANG8014,ANG VENA CAVA FILTER PLACEMENT,Angio,
ANG8015,ANG VENOGRAPHY,Angio,
ANG8016,ANG OTHER,Angio,
ANG8017,ANG PICC LINE PLACEMENT,Angio,
ANG8018,ANG TACE,Angio,
ANG8020,ANG PFO CLOSURE,Non-Radiology,
ANG8021,ANG TAVR,Non-Radiology,
ANG8022,ANG EP VTACH,Non-Radiology,
ANG8023,ANG EP STUDY,Non-Radiology,
ANG8024,ANG PACEMAKER INTERVENTION,Non-Radiology,
ANG8025,ANG ICD INTERVENTION,Non-Radiology,
ANG8026,ANG TUNNEL CATHETER PLACEMENT,Angio,
ANG8027,ANG TUNNEL CATHETER REMOVAL,Angio,
ANG8028,ANG CAROTID STENT,Non-Radiology,
ANG8029,ANG PERIPHERAL INTERVENTION,Non-Radiology,"These are all associated with ""Physician Attending"" instead of IR rads"
ANG8032,ANG PERC BILIARY DRAIN,Angio,
ANG8034,ANG VENA CAVA FILTER REMOVAL,Angio,
ANG8035,ANG EVAR,Non-Radiology,
ANG8036,ANG NEPHROSTOMY EXCHANGE,Angio,
ANG8037,ANG NEPHROSTOMY REMOVAL,Angio,
ANG8038,ANG PA LYSIS,Angio,
ANG8039,ANG PA LYSIS REMOVAL,Angio,
ANG8040,ANG PICC LINE REMOVAL,Angio,
ANG8041,ANG POWER PORT EXCHANGE,Angio,
ANG8042,ANG POWER PORT REMOVAL,Angio,
ANG8043,ANG TUNNEL CATHETER EXCHANGE,Angio,
ANG8044,ANG TEMP DIALYSIS CATHETER PLACEMENT,Angio,
ANG8045,ANG TIPS/DIPPS,Angio,
ANG8046,ANG VISCERAL ARTERIOGRAM,Angio,
ANG8047,ANG VERTEBRAL AUGMENTATION/KYPHOPLASTY,Angio,
ANG8048,ANG IV ABLATION,Non-Radiology,"These are all associated with ""Physician Attending"" instead of IR rads"
ANG8049,ANG TRANSJUGULAR LIVER BIOSPY,Angio,
ANG8050,ANG GASTROSTOMY TUBE PLACEMENT,Angio,
ANG8051,ANG EPIDURAL STEROID INJECTION (ESI),Angio,
ANG8055,ANG POWER PORT PLACEMENT,Angio,
ANG8056,ANG PORT DYE STUDY,Angio,
ANG8060,ANG BI-V PPM/ICD INSERT/UPGRADE,Non-Radiology,
ANG8064,ANG LEFT ATRIAL APPENDAGE OCCLUSION - LAAO,Non-Radiology,
ANG8070,ANG EP SUPRAVENTRICULAR TACHYCARDIA ABLATION,Non-Radiology,
ANG8071,ANG EP ATRIAL FIBRILLATION ABLATION,Non-Radiology,
ANG8072,ANG EP ATRIAL FLUTTER ABLATION,Non-Radiology,
ANG8074,ANG EP PVC ABLATION,Non-Radiology,
ANG8075,ANG EP AV NODAL ABLATION,Non-Radiology,
ANG8076,ANG EP AV NODE WITH IMPLANT,Non-Radiology,
ANG8099,ANG LEAD EXTRACTION,Non-Radiology,
CAT0001,CT UROGRAM W/WO IV CONTRAST,General CT,
CAT1002,CT LOW DOSE LUNG CANCER SCREENING,General CT,
CAT6000,CT CRANIAL WO CONTRAST,General CT,
CAT6001,CT ANGIO ABDOMEN AND PELVIS,General CT,
CAT6002,"CT INJ SI JOINT, ARTHROGRAPHY AND/OR ANESTHETIC/STEROID",MSK,
CAT6005,CT CRANIAL W CONTRAST,General CT,
CAT6006,CT CHEST/ ABDOMEN/ PELVIS W/ ORAL \T\ IV CONTRAST,General CT,
CAT6007,CT CHEST/ ABDOMEN/ PELVIS WITH ORAL CONTRAST ONLY,General CT,
CAT6010,CT CRANIAL W/WO CONTRAST,General CT,
CAT6045,CT ABDOMEN WO IV CONTRAST,General CT,
CAT6050,CT ABDOMEN W IV CONTRAST ONLY,General CT,
CAT6055,CT ABDOMEN W/WO IV CONTRAST,General CT,
CAT6110,CT ANGIO CHEST ABDOMEN PELVIS,General CT,
CAT6130,CT PELVIS WO IV CONTRAST,General CT,
CAT6135,CT PELVIS W IV CONTRAST ONLY,General CT,
CAT6140,CT PELVIS W/WO IV CONTRAST,General CT,
CAT6150,CT ANGIO HEAD,General CT,
CAT6151,CT ANGIO NECK,General CT,
CAT6152,CT ANGIO CHEST,General CT,
CAT6153,CT ANGIO PELVIS,General CT,
CAT6154,CT ANGIO UPPER EXTREMITY,Complex CTA+MRA,
CAT6155,CT ANGIO LOWER EXTREMITY,General CT,
CAT6156,CT ANGIO ABDOMEN,General CT,
CAT6157,CT ANGIO AORTA/ BILAT RUNOFF,Complex CTA+MRA,
CAT6158,"CT ANGIO TAVR (CHEST, ABD, PELVIS)",Cardiac,
CAT6160,CT CARDIAC CALCIUM SCORING,Cardiac,
CAT6161,CT CTA HEART STRUCTURE,Cardiac,
CAT6163,CT CALCIUM SCORE,Cardiac,
CAT6164,CT CTA HEART/ CORONARY ARTERY,Cardiac,
CAT6180,CT CHEST WO IV CONTRAST,General CT,
CAT6185,CT CHEST W IV CONTRAST,General CT,
CAT6190,CT CHEST W/WO IV CONTRAST,General CT,
CAT6208,CT LIVER ABLATION - MICROWAVE,CT Procedure,
CAT6209,CT GUIDED ELBOW INJECTION FOR MR ARTHROGRAM,MSK,
CAT6210,CT GUIDED SHOULDER INJECTION FOR MR ARTHROGRAM,MSK,
CAT6211,CT GUIDED WRIST INJECTION FOR MR ARTHROGRAM,MSK,
CAT6213,CT GUIDED HIP INJECTION FOR MR ARTHROGRAM,MSK,
CAT6214,CT GUIDED KNEE INJECTION FOR MR ARTHROGRAM,MSK,
CAT6236,CT SINUS,General CT,
CAT6315,"CT ORBIT, P FOSSA, EAR WO IV CONTRAST",General CT,
CAT6320,"CT ORBIT, P FOSSA, EAR W IV CONTRAST",General CT,
CAT6325,"CT ORBIT, P FOSSA, EAR W/WO IV CONTRAST",General CT,
CAT6345,CT FACIAL BONES WO CONTRAST,General CT,
CAT6350,CT FACIAL BONES W CONTRAST,General CT,
CAT6355,CT FACIAL BONES W/WO CONTRAST,General CT,
CAT6380,CT NECK WO IV CONTRAST,General CT,
CAT6385,CT NECK W IV CONTRAST,General CT,
CAT6390,CT NECK W/WO IV CONTRAST,General CT,
CAT6435,CT CERVICAL SPINE WO CONTRAST,General CT,
CAT6470,CT CERVICAL SPINE W CONTRAST,General CT,
CAT6505,CT CERVICAL SPINE W/WO CONT,General CT,
CAT6540,CT THORACIC SPINE WO CONTRAST,General CT,
CAT6565,CT THORACIC SPINE W CONTRAST,General CT,
CAT6590,CT THORACIC SPINE W/WO CONT,General CT,
CAT6615,CT LUMBAR SPINE WO CONTRAST,General CT,
CAT6640,CT LUMBAR SPINE W CONTRAST,General CT,
CAT6665,CT LUMBAR SPINE W/WO CONT,General CT,
CAT6695,CT UPPER EXTREMITY WO CONTRAST,General CT,
CAT6700,CT UPPER EXTREMITY W CONTRAST,General CT,
CAT6701,CT WHOLE BONE BODY,General CT,
CAT6705,CT UPPER EXTREMITY W/WO CONT,General CT,
CAT6710,CT LOWER EXTREMITY WO CONTRAST,General CT,
CAT6711,CT BONE LENGTH WO CONTRAST,General CT,
CAT6715,CT LOWER EXTREMITY W CONTRAST,General CT,
CAT6720,CT LOWER EXTREMITY W/WO CONT,General CT,
CAT6740,CT INJ/ ASPIRATION MAJOR JOINT,MSK,
CAT6750,CT FINE NEEDLE ASPIRATION,CT Procedure,
CAT6754,CT LUNG ABSCESS DRAINAGE,CT Procedure,
CAT6757,CT LIVER ABSCESS/ CYST DRAINAGE,CT Procedure,
CAT6763,CT ABDOMEN/PELVIS ABSCESS DRAINAGE,CT Procedure,
CAT6774,CT LUNG OR MEDIASTINUM BIOPSY,CT Procedure,
CAT6775,CT GUIDANCE NEEDLE PLACE,CT Procedure,
CAT6777,CT LIVER BIOPSY PERCUTANEOUS,CT Procedure,
CAT6780,CT RENAL BIOPSY PERCUTANEOUS,CT Procedure,
CAT6786,CT BONE BIOPSY SUPERFICIAL,CT Procedure,
CAT6789,CT BONE BIOPSY DEEP,CT Procedure,
CAT6790,CT CELIAC PLEXUS BLOCK,CT Procedure,
CAT6792,CT ABDOMEN/ RETROPERITONEAL BIOPSY,CT Procedure,
CAT6796,CT INJ/ ASPIRATION INTERMEDIATE  JOINT,MSK,One done by Burrows
CAT6798,CT INJ/ ASPIRATION SMALL JOINT,MSK,
CAT6801,CT BONE MARROW BIOPSY,CT Procedure,
CAT6824,CT PANCREAS BIOPSY,CT Procedure,
CAT6826,CT CHEST TUBE PLACEMENT PNEUMOTHORAX,CT Procedure,
CAT6840,CT STEREOTACTIC LOCALIZATION,Angio,Kharoti did one
CAT6841,CT LIMITED/ LOCALIZED FOLLOW-UP,General CT,
CAT6851,CT 3D RENDERING FROM SCANNER,General CT,
CAT6852,CT 3D RENDERING/ ADV WORKSTATION,General CT,
CAT6901,CT CHEST/ ABDOMEN WO CONTRAST,General CT,
CAT6902,CT CHEST/ABDOMEN W IV CONTRAST ONLY,General CT,
CAT6904,CT CHEST/ ABDOMEN/ PELVIS WO IV CONTRAST,General CT,
CAT6905,CT CHEST/ ABDOMEN/ PELVIS W IV CONTRAST ONLY,General CT,
CAT6906,CT CHEST/ ABDOMEN/ PELVIS W/WO IV CONTRAST,General CT,
CAT6907,CT ABDOMEN/ PELVIS WO CONTRAST,General CT,
CAT6908,CT ABDOMEN/ PELVIS W IV CONTRAST ONLY,General CT,
CAT6909,CT ABDOMEN/ PELVIS W/WO IV CONTRAST,General CT,
CAT6910,CT ABDOMEN W ORAL CONTRAST ONLY,General CT,
CAT6911,CT ABDOMEN W ORAL \T\ IV CONTRAST,General CT,
CAT6912,CT PELVIS WITH ORAL CONTRAST ONLY,General CT,
CAT6913,CT PELVIS W ORAL \T\ IV CONTRAST,General CT,
CAT6914,CT ABD/ PELVIS W ORAL CONTRAST ONLY,General CT,
CAT6919,CT ABD/PELVIS W ORAL \T\ IV CON,General CT,
CAT6950,CT COLONOGRAPHY SCREENING,CT Colonography,
CAT6951,CT COLONOGRAPHY DIAGNOSTIC,CT Colonography,
CAT6953,CT RENAL ABLATION - MICROWAVE,CT Procedure,
CAT6954,CT RENAL ABLATION - CRYOTHERAPY,CT Procedure,
CAT6955,CT CHEST W/O FOLLOW UP (SC TRACKING),General CT,
CAT6998,CT RESCHD XLD DEFERRED EXAM,Non-Radiology,
CAT6999,CT CHEST FOLLOW UP LOW DOSE LUNG CA SCREENING,General CT,
CAT7001,CT LOW DOSE LUNG CANCER SCREENING BYPASS REQUIREMENTS,General CT,
DXR0001,XR R/O METAL FOR MRI N/C,General XR,
DXR1002,XR CHEST 2V W/APICAL LORDOTIC,General XR,
DXR1003,XR PELVIS W/ LATERAL HIPS INFANT,General XR,
DXR1004,XR ORBITS,General XR,
DXR1006,XR TOE OR TOES,General XR,
DXR1007,XR FINGER,General XR,
DXR1008,XR BONE DENSITY,MSK,
DXR1009,XR ACUTE ABDOMINAL SERIES W/ PA CHEST,General XR,
DXR1041,XR POST VOID RESIDUAL,General XR,
DXR1042,XR FEMUR 1 VIEW,General XR,
DXR1043,XR SCOLIOSIS STUDY 2 VIEW,General XR,
DXR1044,XR THORACOLUMBAR JUNCTION 2 VIEW,General XR,
DXR1300,XR INTRA-OP FOREIGN BODY 2 VIEWS (URSI),General XR,
DXR7015,XR MANDIBLE,General XR,
DXR7020,XR ORTHOPANOGRAPH,General XR,
DXR7025,XR FACIAL BONES 2 VIEWS,General XR,
DXR7026,XR FACIAL BONES 4 VIEWS,General XR,
DXR7030,XR NASAL BONES,General XR,
DXR7048,XR SINUSES 1 VIEW WATERS ONLY,General XR,
DXR7049,XR SINUSES 2 VIEWS,General XR,
DXR7050,XR SINUSES 4 VIEWS,General XR,
DXR7058,XR ARTERIOGRAM IN SURG,Non-Radiology,
DXR7059,XR SKULL 2 VIEWS,General XR,
DXR7060,XR SKULL 4 VIEWS,General XR,
DXR7063,XR SKULL 3 VIEWS,General XR,
DXR7064,XR SKULL 1 VIEW,General XR,
DXR7071,XR TEMPOROMANDIBULAR JOINTS,General XR,
DXR7077,XR NECK SOFT TISSUE,General XR,
DXR7100,XR CHEST BEDSIDE,General XR,
DXR7101,XR CHEST 1 VIEW,General XR,
DXR7102,XR CHEST 2 VIEWS,General XR,
DXR7103,XR CHEST 4 VIEWS,General XR,
DXR7105,XR CHEST 3 VIEWS,General XR,
DXR7109,XR CHEST 2 VIEW INFANT BEDSIDE,General XR,
DXR7111,XR CHEST/ SOFT TISSUE NECK INFANT CROUP,General XR,
DXR7112,XR ERCP,Intraop Fluoro,
DXR7113,XR DEXA BODY COMPOSITION ANALYSIS,MSK,
DXR7114,XR LUMBAR PUNC W/ CISTERNOGRAM,Fluoro (General),
DXR7117,XR EYE FOR FOREIGN BODY,General XR,
DXR7150,XR RIBS UNILATERAL,General XR,
DXR7151,XR RIBS BILATERAL,General XR,
DXR7152,XR RIBS UNILATERAL WITH PA CHEST,General XR,
DXR7153,XR RIBS BILATERAL WITH PA CHEST,General XR,
DXR7170,XR STERNUM,General XR,
DXR7175,XR STERNOCLAVICULAR JOINTS,General XR,
DXR7201,XR SCOLIOSIS STUDY 1 VIEW,General XR,
DXR7203,XR CERVICAL SPINE 2 VIEWS,General XR,
DXR7204,XR THORACIC SPINE 2 VIEWS,General XR,
DXR7205,XR LUMBAR SPINE 2-3 VIEWS,General XR,
DXR7207,XR CERVICAL SPINE  7 VIEWS,General XR,
DXR7208,XR CERVICAL SPINE 4-5 VIEWS,General XR,
DXR7210,XR THORACIC SPINE 3 VIEWS,General XR,
DXR7211,XR THORACO LUMBAR SPINE 4 VIEWS,General XR,
DXR7213,XR LUMBAR SPINE 4 VIEWS,General XR,
DXR7215,XR LUMBAR SPINE 6 VIEWS,General XR,
DXR7216,XR LUMBAR SPINE BENDING VIEWS,General XR,
DXR7217,XR CERVICAL SPINE 1 VIEW,General XR,
DXR7218,XR THORACIC SPINE 1 VIEW,General XR,
DXR7219,XR LUMBAR SPINE 1 VIEW,General XR,
DXR7220,XR PELVIS,General XR,
DXR7222,XR PELVIS W LATERAL HIP,General XR,
DXR7224,XR PELVIS W LATERAL HIPS,General XR,
DXR7225,XR SACRUM/ COCCYX,General XR,
DXR7226,XR PUBIC BONES,General XR,F
DXR7227,XR SACROILIAC JOINTS,General XR,
DXR7250,XR CLAVICLE,General XR,
DXR7255,XR SCAPULA,General XR,
DXR7259,XR SHOULDER 1 VIEW,General XR,
DXR7261,XR SHOULDER 3 VIEWS,General XR,
DXR7262,XR SHOULDER POST REDUCTION,General XR,
DXR7265,XR ACROMIOCLAVICULAR JOINTS,General XR,
DXR7270,XR HUMERUS,General XR,
DXR7271,XR HUMERUS POST REDUCTION,General XR,
DXR7272,XR SHUNT SERIES,General XR,
DXR7275,XR ELBOW 2 VIEWS,General XR,
DXR7276,XR ELBOW COMPLETE,General XR,
DXR7277,XR ELBOW POST REDUCTION,General XR,
DXR7280,XR FOREARM,General XR,
DXR7281,XR FOREARM POST REDUCTION,General XR,
DXR7282,XR UPPER EXTREMITY INFANT,General XR,
DXR7284,XR WRIST POST REDUCTION,General XR,
DXR7285,XR WRIST 2 VIEWS,General XR,
DXR7286,XR WRIST 3 VIEWS,General XR,
DXR7287,XR WRIST AND NAVICULAR,General XR,
DXR7290,XR HAND 3 VIEWS,General XR,
DXR7291,XR HAND 2 VIEWS,General XR,
DXR7292,XR HAND POST REDUCTION,General XR,
DXR7299,XR HIP 1 VIEW AP,General XR,
DXR7300,XR HIP 1 VIEW AP BEDSIDE,General XR,
DXR7301,XR HIP 2 VIEWS,General XR,
DXR7302,XR HIP POST REDUCTION,General XR,
DXR7304,XR KNEES BILATERAL,General XR,
DXR7305,XR KNEES BILATERAL STANDING AP,General XR,
DXR7308,XR FEMUR 2 VIEW,General XR,
DXR7309,XR FEMUR BEDSIDE,General XR,
DXR7310,XR KNEE 1 OR 2 VIEWS,General XR,
DXR7311,XR KNEE POST REDUCTION,General XR,
DXR7312,XR KNEE 4 OR 5 VIEWS,General XR,
DXR7313,XR KNEE 3 VIEWS,General XR,
DXR7315,XR LOWER LEG,General XR,
DXR7316,XR LOWER LEG POST REDUCTION,General XR,
DXR7317,XR LOWER EXTREMITY INFANT,General XR,
DXR7318,XR ANKLE 2 VIEWS,General XR,
DXR7319,XR ANKLE 3 VIEWS,General XR,
DXR7320,XR ANKLE POST REDUCTION,General XR,
DXR7322,XR FOOT 2 VIEWS,General XR,
DXR7323,XR FOOT 3 VIEWS,General XR,
DXR7324,XR FOOT POST REDUCTION,General XR,
DXR7326,XR OSCALCIS,General XR,
DXR7330,XR ABDOMEN 1 VIEW,General XR,
DXR7331,XR ABDOMEN 2 VIEWS,General XR,
DXR7332,XR ABDOMEN 3 VIEWS,General XR,
DXR7334,XR SPEECH PATHOLOGY,Fluoro (General),
DXR7335,XR ESOPHAGUS,Fluoro (General),
DXR7336,XR UPPER GI WO KUB,Fluoro (General),
DXR7337,XR UPPER GI W KUB,Fluoro (General),
DXR7339,XR UPPER GI W SMALL BOWEL,Fluoro (General),
DXR7341,XR SMALL BOWEL STUDY,Fluoro (General),
DXR7342,XR UPPER GI W AIR W KUB,Fluoro (General),
DXR7343,XR UPPER GI W AIR WO KUB,Fluoro (General),
DXR7344,XR LOWER GI COLON,Fluoro (General),
DXR7345,XR LOWER GI COLON W AIR,Fluoro (General),
DXR7349,XR CHOLANGIOGRAM SURG/ ADDTL VIEWS,Intraop Fluoro,
DXR7350,XR CHOLANGIOGRAM SURG/ BEDSIDE,Intraop Fluoro,
DXR7353,XR CHOLANGIOGRAM POST-OP,Intraop Fluoro,
DXR7354,XR NG TUBE PLACEMENT-FAILED ATTEMPT,Fluoro (General),
DXR7357,XR G / J TUBE CHANGE W/ FLUORO,Angio,
DXR7360,XR KUB,General XR,
DXR7365,XR UROGRAPHY RETROGRADE,Fluoro (General),
DXR7366,XR LOOP-O-GRAM,Fluoro (General),
DXR7368,XR CYSTOGRAM,Fluoro (General),
DXR7370,XR URETHROCYSTOGRAM,Fluoro (General),
DXR7373,XR CYSTOGRAM VOIDING,Fluoro (General),
DXR7376,XR NEPHROSTOGRAM W/ TUBE CHECK,Fluoro (General),
DXR7377,XR BILATERAL HIP 2 VIEW,General XR,
DXR7380,XR KNEES 3V ONLY BILATERAL,General XR,
DXR7394,XR HYSTEROSALPINGOGRAM,Fluoro (General),
DXR7406,XR MYELOGRAM CERVICAL,Fluoro (General),
DXR7409,XR MYELOGRAM EXTENSIVE,Fluoro (General),
DXR7420,XR FLUORO ROOM 1/2 HR TO 1 HR,Fluoro (General),
DXR7421,XR SNIFF TEST,Fluoro (General),
DXR7423,XR NG TUBE PLACEMENT,Fluoro (General),
DXR7433,XR ARTHROGRAM SHOULDER,Fluoro Procedure (MSK),
DXR7440,XR MYELOGRAM THORACIC,Fluoro (General),
DXR7445,XR MYELOGRAM LUMBAR,Fluoro (General),
DXR7456,XR ARTHRO INJ SHOULDER FOR CT OR MRI,Fluoro Procedure (MSK),
DXR7457,XR ARTHRO INJ KNEE FOR CT OR MRI,Fluoro Procedure (MSK),
DXR7458,XR ARTHRO INJ HIP FOR CT OR MRI,Fluoro Procedure (MSK),
DXR7461,XR ARTHRO INJ WRIST FOR CT OR MRI,Fluoro Procedure (MSK),
DXR7463,XR ARTHRO ASP/ INJ SMALL JOINT,Fluoro Procedure (MSK),
DXR7464,XR ARTHRO ASP/ INJ MED JOINT,Fluoro Procedure (MSK),
DXR7465,XR ARTHRO ASP/ INJ LARGE JOINT,Fluoro Procedure (MSK),
DXR7536,XR BONE SURVEY COMPLETE (18+ YEARS OLD),General XR,
DXR7539,XR G/J TUBE CHECK W/FLUORO,Fluoro (General),
DXR7554,XR BONE AGE STUDY,General XR,
DXR7555,XR BONE LENGTH STUDY,General XR,
DXR7558,XR BONE SURVEY INFANT (LESS THAN 1 YEAR OLD),General XR,
DXR7560,XR INFANT SURVEY FOR FOREIGN BODY,General XR,
DXR7561,XR FISTULA SINUS,Fluoro (General),
DXR7562,XR BONE SURVEY (1-17 YEARS OLD),General XR,
DXR7612,XR EXTREMITY SINGLE VIEW,General XR,
DXR7620,XR LUMBAR PUNC DIAGNOSTIC,Fluoro (General),
DXR7621,XR LUMBAR PUNC THERAPEUTIC,Fluoro (General),
DXR7622,XR FLUORO NEEDLE GUIDE,Non-Radiology, This is showing up in SH but fields are null
DXR7625,XR LUMBAR PUNC CHEMOTHERAPY INJ,Fluoro (General),
DXR7631,XR MOBIL FLUORO,Non-Radiology,Never has a radiologist's name associated with it
DXR7632,XR MATRIX CAMERA IMAGES,Non-Radiology,
DXR7995,XR RESCHED-XLD-DEFERRED EXAM,General XR,
ECH7524,TRANSESOPHAGEAL ECHO (TEE) WITH DOPPLER AND COLOR FLOW,Non-Radiology,
ECH7539,TRANSTHORACIC ECHO WITH DOPPLER AND COLOR FLOW COMPLETE - USE CONTRAST IF INDICATED,Non-Radiology,
EKG0002,PHARMACOLOGICAL STRESS TEST,Non-Radiology,
EKG0017,EXERCISE STRESS TEST,Non-Radiology,
IMG1004,IR ANKLE BRACHIAL INDEX ASSESS,Vascular US,
IMG1008,IR REMOVAL TUNNELED CATHETER,US Procedure (IR or PA),
MA DDB2,MAMMO DIGITAL 2D DIAGNOSTIC BILATERAL W R2,Mamm (Diag),
MA DDB3,MAMMO DIGITAL 3D DIAGNOSTIC BILATERAL W R2,Mamm (Diag),
MA DDL2,MAMMO DIGITAL 2D DIAGNOSTIC LEFT W R2,Mamm (Diag),
MA DDL3,MAMMO DIGITAL 3D DIAGNOSTIC LEFT W R2,Mamm (Diag),
MA DDR2,MAMMO DIGITAL 2D DIAGNOSTIC RIGHT W R2,Mamm (Diag),
MA DDR3,MAMMO DIGITAL 3D DIAGNOSTIC RIGHT W R2,Mamm (Diag),
MA DSB,MAMMO DIGITAL 3D SCREENING BILATERAL W R2,Mamm (Diag),
MA DSB2,MAMMO DIGITAL 2D SCREENING BILATERAL W R2,Mamm (Diag),
MA DSL3,MAMMO DIGITAL 3D SCREENING LEFT W R2,Mamm (Diag),
MA DSR3,MAMMO DIGITAL 3D SCREENING RIGHT W R2,Mamm (Diag),
MAM1001,MAM POST CLIP N/C,Mamm (Diag),
MAM2851,MAM RESCHED-XLD-DEFERRED EXAM,Mamm (Diag),
MAM2853,MAM DIAGNOSTIC BILAT 2D,Mamm (Diag),
MAM2857,MAM SCREEN BILAT 2D,Mamm (Screening),
MAM2860,MAM RADIOGRAPH SURG SPECIMEN,Mamm (Diag),
MAM2861,MAM SCREEN BILAT 2D - HX BREAST CA,Mamm (Screening),
MAM2864,MAM DIAGNOSTIC LEFT 2D,Mamm (Diag),
MAM2865,MAM DIAGNOSTIC RIGHT 2D,Mamm (Diag),
MAM2867,MAM SCREEN RIGHT 2D - HX BREAST CA LEFT,Mamm (Diag),
MAM2868,MAM STEREO BREAST BIOPSY LEFT,Mamm (Procedures),
MAM2869,MAM BREAST NEEDLE LOCAL RIGHT,Mamm (Procedures),
MAM2870,MAM BREAST NEEDLE LOCAL LEFT,Mamm (Procedures),
MAM2871,MAM STEREO BREAST BIOPSY RIGHT,Mamm (Procedures),
MAM2872,MAM RADIOGRAPH BIOPSY SPECIMEN LEFT,Mamm (Diag),
MAM2873,MAM RADIOGRAPH BIOPSY SPECIMEN RIGHT,Mamm (Diag),
MAM2874,MAM RADIOGRAPH SURG SPECIMEN LEFT,Mamm (Diag),
MAM2875,MAM RADIOGRAPH SURG SPECIMEN RIGHT,Mamm (Diag),
MAM3891,MAM DIAGNOSTIC LEFT 3D TOMO,Mamm (Diag),
MAM3892,MAM DIAGNOSTIC RIGHT 3D TOMO,Mamm (Diag),
MAM3893,MAM DIAGNOSTIC BILAT 3D TOMO,Mamm (Diag),
MAM3894,MAM SCREEN BILAT 3D TOMO,Mamm (Screening),
MAM3895,MAM SCREEN LEFT 3D TOMO - HX BREAST CA RIGHT,Mamm (Screening),
MAM3896,MAM SCREEN RIGHT 3D TOMO - HX BREAST CA LEFT,Mamm (Screening),
MAM3897,MAM SCREEN BILAT 3D TOMO - HX BREAST CA,Mamm (Screening),
MAM3899,MAM POST PROCEDURE LEFT 2D,Mamm (Diag),
MAM3900,MAM POST PROCEDURE RIGHT 2D,Mamm (Diag),
MAM3901,MAM POST PROCEDURE BILAT 2D,Mamm (Diag),
MAM3905,MAM MAGSEED PLACEMENT,Mamm (Procedures),
MAM3907,MAM DIAGNOSTIC BILAT IMPLANT 3D TOMO,Mamm (Diag),
MAM3909,MAM DIAGNOSTIC LEFT IMPLANT 3D TOMO,Mamm (Diag),
MAM3911,MAM DIAGNOSTIC RIGHT IMPLANT 3D TOMO,Mamm (Diag),
MAM3912,MAM SCREEN BILAT IMPLANT 2D,Mamm (Diag),
MAM3914,MAM SCREEN BILAT IMPLANT 3D TOMO,Mamm (Diag),
MAM3915,MAM SCREEN BILAT IMPLANT 3D TOMO - HX BREAST CA,Mamm (Diag),
MAM3919,MAM SCREEN RIGHT IMPLANT 3D TOMO - HX BREAST CA LEFT,Mamm (Diag),
MRI2516,MRI BREAST BILAT WO CONTRAST,Breast MR,
MRI3800,MRI ORBIT/ FACE/ NECK W CONTRAST,Neuro,
MRI3801,MRI ORBIT/ FACE/ NECK WO CONTRAST,Neuro,
MRI3802,MRI ORBIT/ FACE/ NECK W/WO CONTRAST,Neuro,
MRI3805,MRA NECK WO CONTRAST,Neuro,
MRI3807,MRA NECK W/WO CONTRAST,Neuro,
MRI3810,MRI BRAIN WO CONTRAST,Neuro,
MRI3811,MRA BRAIN W CONTRAST,Neuro,
MRI3812,MRA BRAIN WO CONTRAST,Neuro,
MRI3813,MRA BRAIN W/WO CONTRAST,Neuro,
MRI3814,MRI BRAIN W CONTRAST,Neuro,
MRI3816,MRI BRAIN W/WO CONTRAST,Neuro,
MRI3817,MRI CHEST/ HILUM W/WO CONTRAST,Body MR,
MRI3818,MRI CHEST/ HILUM WO CONTRAST,Body MR,
MRI3820,MRI CERVICAL SPINE W/WO CONTRAST,Neuro,
MRI3821,MRI CERVICAL SPINE WO CONTRAST,Neuro,
MRI3822,MRI WHOLE BODY WITH AND WITHOUT CONTRAST,Body MR,
MRI3823,MRI CERVICAL SPINE W CONTRAST,Neuro,
MRI3825,MRI SHOULDER JOINT,MSK,
MRI3831,MRI THORACIC SPINE WO CONTRAST,Neuro,
MRI3832,MRI WHOLE BODY SCREENING,Body MR,
MRI3833,MRI THORACIC SPINE W CONTRAST,Neuro,
MRI3835,MRI THORACIC SPINE W/WO CONTRAST,Neuro,
MRI3838,MRI JOINT UPPER EXT W/WO CONTRAST,MSK,
MRI3840,MRI LUMBAR SPINE W/WO CONTRAST,Neuro,
MRI3841,MRI LUMBAR SPINE WO CONTRAST,Neuro,
MRI3842,MRI LUMBAR SPINE W CONTRAST,Neuro,
MRI3843,MRI UPPER EXT W/WO CONTRAST,MSK,
MRI3844,MRI UPPER EXT WO CONTRAST,MSK,
MRI3846,MRI JOINT UPPER EXT WO CONTRAST,MSK,
MRI3847,MRI JOINT UPPER EXT W CONTRAST,MSK,
MRI3848,MRI LOWER EXT WO CONTRAST,MSK,
MRI3849,MRI LOWER EXT W CONTRAST,MSK,
MRI3850,MRI KNEE JOINT,MSK,
MRI3851,MRI LOWER EXT W/WO CONTRAST,MSK,
MRI3852,MRI JOINT LOWER EXT WO CONTRAST,MSK,
MRI3853,MRI JOINT LOWER EXT W CONTRAST,MSK,
MRI3854,MRI ABDOMEN WO CONTRAST,Body MR,
MRI3855,MRI JOINT LOWER EXT W/WO CONTRAST,MSK,
MRI3856,MRA ABDOMEN W CONTRAST,Complex CTA+MRA,
MRI3857,MRI ABDOMEN W CONTRAST,Body MR,
MRI3859,MRI ABDOMEN W/WO CONTRAST,Body MR,
MRI3862,MRA CHEST W CONTRAST,Body MR,
MRI3867,MRI BREAST BIOPSY LEFT,Breast MR,
MRI3869,MRA LOWER EXT W CONTRAST,Angio,
MRI3870,MRA LOWER EXT W/WO CONTRAST,Complex CTA+MRA,
MRI3873,MRI BREAST UNILAT W/WO CONTRAST,Breast MR,
MRI3874,MRI TMJ UNILATERAL,Neuro,
MRI3875,MRI BREAST BILAT W/WO CONTRAST,Breast MR,
MRI3876,MRI TMJ BILATERAL,Neuro,
MRI3877,MRI PELVIS W/WO CONTRAST,Body MR,
MRI3878,MRI PELVIS WO CONTRAST,MSK,
MRI3879,MRI PELVIS W CONTRAST,Body MR,
MRI3888,MRI RESCHED XLD DEFERRED EXAM,Body MR,
MRI3890,MRI CARDIAC FOR MORPH,Cardiac,
MRI3900,MRI ABD/PEL ENTEROGRAPHY,Body MR,
MRI3901,MRI CARDIAC FOR MORPH W/W/O CONTRAST,Cardiac,
MRI3906,MRA CHEST W/WO CONTRAST,Cardiac,
MRI3907,MRI JOINT UPPER EXT W SALINE,MSK,
MRI3908,MRI JOINT LOWER EXT W SALINE,MSK,
MRI3926,MRA BRAIN W/O CONTRAST W 3D RECON,Neuro,
MRI3927,MRA ABDOMEN W CONTRAST W 3D RECON,Complex CTA+MRA,
MRI3991,MRA ABDOMEN W/WO CONTRAST,Complex CTA+MRA,
NMD5003,NM PARATHYROID (PLANAR \T\ SPECT/CT),NM,
NMD5004,NM PARATHYROID (PLANAR \T\ SPECT),NM,
NMD5007,NM THYROID UPTAKE AND SCAN,NM,
NMD5016,NM THYROID CA SCAN WHOLE BODY,NM,
NMD5220,NM LIVER/ GB SCAN,NM,
NMD5221,NM LIVER/GB WITH PHARMACOLOGIC INTERVENTION,NM,
NMD5300,NM BONE SCAN MULTI VIEW,NM,
NMD5301,NM BONE SCAN MULTI VIEW W FLOW,NM,
NMD5307,NM BONE SCAN WHOLE BODY,NM,
NMD5496,NM CARDIAC SHUNT QUANT (R-L),NM,
NMD5500,NM GALLIUM WHOLE BODY,NM,
NMD5502,NM BRAIN SCAN >/= 4 IMAGES WITH FLOW,NM,
NMD5506,NM WBC SPECT,NM,
NMD5508,NM WBC WHOLE BODY,NM,
NMD5510,NM GATED CARDIAC SCAN,NM,
NMD5520,NM GI BLOOD LOSS SCAN,NM,
NMD5570,NM LUNG SCAN (VENT \T\ PERF),NM,
NMD5580,NM LUNG SCAN (PERFUSION),NM,
NMD5591,NM LUNG QUANT SCAN (VENT \T\ PERF),NM,
NMD5600,NM BRAIN SCAN SPECT,NM,
NMD5630,NM CISTERNOGRAPHY,NM,
NMD5645,NM CSF SHUNT PATENCY,NM,
NMD5700,NM RENAL SCAN (DMSA) FUNCTION,NM,
NMD5701,NM RENAL FLOW FUNCTION,NM,
NMD5707,NM RENAL PRE/ POST LASIX,NM,
NMD5750,NM Y90 PLANNING,Angio,
NMD5751,NM Y90 TREATMENT,Angio,
NMD5806,NM MIBG TUMOR LOC,NM,
NMD5844,NM PET TUMOR SKULL / THIGH W/CT AC,PET,
NMD5845,NM PET TUMOR W/B W/CT AC,PET,
NMD5850,NM LYMPHOSCINTIGRAPHY,NM,
NMD5851,NM LYMPHOSCINTIGRAPHY FOR LYMPHEDEMA,NM,
NMD5863,NM PET MYOCARDIAL METABOLIC,PET,
NMD5900,NM ORAL TREATMENT NON CANCER,NM,
NMD5901,NM ORAL TREATMENT OP CANCER,NM,
NMD5902,NM ORAL TREATMENT IP CANCER,NM,
NMD5903,NM CARDIAC AMYLOIDOSIS,NM,
NMD5955,NM MYOCARDIAL PERFUSION STUDY (S/R),NM,
NMD5956,NM MYOCARDIAL PERFUSION IMAGING (S OR R ONLY),NM,
NMD5964,NM BONE SCAN SPECT SINGLE AREA,NM,
NMD5968,NM BONE SCAN SPECT MULT AREAS,NM,
NMD5969,NM GASTRIC EMPTYING,NM,
NMD5995,NM SENTNODE INJ ONLY BREAST UNILAT,NM,
NMD5996,NM SENTNODE INJECTION ONLY MELANOMA,NM,
NMD5998,NM RESCHD XLD DEFERRED EXAM,NM,
NMD6001,NM PET AXUMIN,PET,
NMD6003,NM PET BONE WHOLE BODY,PET,
NMD6006,NM PET DOTATATE,PET,
NMD6009,NM PET PSMA,PET,
NMD6010,NM SPECT LYMPHO MELANOMA,NM,
PRO80,"DRAIN, INJECT LARGE JOINT OR BURSA WITH US",Non-Radiology,Has NULL physician
TEMPORARY,TEMPORARY,Non-Radiology,
USD1001,US VENOUS DOPPLER - UNILATERAL,General US,
USD1002,US VENOUS DOPPLER - BILATERAL,General US,
USD1003,US GUIDANCE-DRAIN PLACEMENT,US Procedure (IR or PA),
USD1004,"US ARTHRO ASP/INJ INTERMED JOINT (WRIST, ELBOW, ANKLE)",US Procedure (MSK),
USD1005,"US ARTHRO ASP/INJ MAJOR JOINT (SHOULDER, HIP, KNEE)",US Procedure (MSK),
USD1006,"US ARTHRO ASP/INJ SMALL JOINT (FINGERS, TOES)",US Procedure (MSK),
USD1011,"US BREAST, UNI TO INCLUDE AXILLA",Mamm (Diag),
USD1013,US ABDOMEN W DOPPLER COMPLETE,General US,
USD1015,"US RF VENOUS ABLATION, 1ST VEIN",US Procedure (IR),
USD2800,US BREAST CORE NEEDLE BIOPSY LEFT,Mamm (Procedures),
USD2801,US BREAST CORE NEEDLE BIOPSY RIGHT,Mamm (Procedures),
USD2802,US BREAST NEEDLE LOC LEFT,Mamm (Procedures),
USD2803,US BREAST NEEDLE LOC RIGHT,Mamm (Procedures),
USD2804,US BREAST CYST ASPIRATION LEFT,Mamm (Procedures),
USD2805,US BREAST CYST ASPIRATION RIGHT,Mamm (Procedures),
USD2806,US BREAST LEFT,Mamm (Diag),
USD2807,US BREAST RIGHT,Mamm (Diag),
USD6073,US EXTREMITY COMPLETE,MSK,
USD7501,US CORE BIOPSY SOFT TISSUE NECK OR CHEST,US Procedure (General),
USD7800,US ABDOMEN,General US,
USD7803,US TESTIS W DOPPLER,General US,
USD7807,US ABDOMEN LIMITED,General US,
USD7808,US PYLORUS,General US,
USD7809,US SPINAL CANAL,General US,
USD7812,US AORTA,General US,
USD7813,US RENAL,General US,
USD7814,US INFANT HIPS,General US,
USD7815,US PELVIS (TRANSABD ONLY),General US,
USD7818,US BPP SINGLE,General US,
USD7819,US OBSTETRIC LTD (SINGLE/MULTIGEST),General US,
USD7821,US OBSTETRIC (ANATOMY/ DATES SINGLE),General US,
USD7824,US TRANSVAGINAL (NON-OB),General US,
USD7827,US INFANT HEAD,General US,
USD7828,US NEONATAL HEAD,General US,
USD7829,US GUIDANCE-NEEDLE PLACEMENT,US Procedure (General),
USD7830,US SOFT TISSUE NECK AND HEAD,General US,
USD7831,US THORACENTESIS UNILAT,US Procedure (General),
USD7833,US BREAST BILAT,Mamm (Diag),
USD7848,US RENAL CYST ASPIRATION,US Procedure (IR),
USD7855,US CAROTID DOPPLER BIL,General US,
USD7857,US SONOHYSTEROGRAPHY,Mamm (Procedures),
USD7859,US CHEST BILAT,General US,
USD7860,US CHEST UNILAT,General US,
USD7867,US THORACENTESIS W/TUBE INSERT,US Procedure (IR or PA),
USD7869,US PLEURX CHEST,US Procedure (IR or PA),
USD7871,US EXTREMITY LIMITED,General US,
USD7872,US GUIDANCE-INTRAOPERATIVE,Non-Radiology,
USD7874,US NUCHAL TRANSLUCENCY (SINGLE),General US,
USD7875,US NUCHAL TRANSLUCENCY (EA ADDL),General US,
USD7876,US AMNIOCENTESIS,Non-Radiology,
USD7877,US ABDOMEN NEEDLE BIOPSY,General US,
USD7880,US BREAST CYST ASPIRATION,Mamm (Procedures),
USD7881,US PARACENTESIS,US Procedure (General),
USD7883,US LIMITED DOPPLER LIVER/RENAL/SCROTAL/PELVIC,General US,
USD7898,US ABDOMINAL DRAIN PLACEMENT,US Procedure (IR or PA),
USD7905,US LIMITED PELVIS,General US,
USD7908,US TRANSVAGINAL (OB),General US,
USD7910,US PELVIC ULTRASOUND (ABD/TV),General US,
USD7911,US OB DETAILED EXAM SINGLE,General US,
USD7914,US TESTICULAR,General US,
USD7916,US LIMITED RETROPERITONEAL,General US,
USD7917,US ABDOMEN W DOPPLER LIMITED,General US,
USD7919,US LYMPH NODE CORE BIOPSY,US Procedure (General),
USD7921,US LYMPH NODE FNA BIOPSY,US Procedure (General),
USD7923,US GUIDANCE FLUID ASPIRATION,US Procedure (General),
USD7928,US GALLBLADDER TUBE PLACEMENT,US Procedure (IR or PA),
USD7930,US THYROID FNA,US Procedure (General),
USD7933,US THYROID FNA EACH ADDL LESION,US Procedure (General),
USD7934,US LIVER BIOPSY,US Procedure (General),
USD7935,US FOLLICULAR STUDY INITIAL (ABD/TV),General US,
USD7936,US FOLLICULAR STUDY F/U (TV),General US,
USD7941,US FNA NON-THYROID,US Procedure (General),
USD7942,US RENAL BIOPSY,US Procedure (IR or PA),
USD7945,US HERNIA,General US,
USD7946,US LIVER/KIDNEY DRAIN PLACEMENT,US Procedure (IR or PA),
USD7953,US PELVIC (ABD/TV) WITH DOPPLER,General US,
USD7955,US PELVIC DRAIN PLACMENT,US Procedure (General),
USD7964,US OB DETAILED EXAM TWINS,General US,
USD7968,US FIRST TRIMESTER (TRIPLET/ ABD/ TV),General US,
USD7969,US FIRST TRIMESTER (TRIPLET/ ABD),General US,
USD7970,US FIRST TRIMESTER (SINGLE/ABD),General US,
USD7971,US FIRST TRIMESTER (EACH ADD),General US,
USD7972,US OBSTETRIC (ANATOMY/ DATES TWINS),General US,
USD7973,US F/U GROWTH/ EFW SINGLE,General US,
USD7974,US F/U GROWTH/ EFW EA ADDL,General US,
USD7975,US FIRST TRIMESTER (TWINS/ ABD),General US,
USD7976,US FIRST TRIMESTER (TWINS/ ABD TV),General US,
USD7977,US FIRST TRIMESTER (SINGLE/ ABD/ TV),General US,
USD7978,US F/U GROWTH/ EFW TWINS,General US,
USD7979,US BPP TWINS,General US,
USD7980,US FETAL UMBILICAL ART DOPPLER,General US,
USD7981,US MIDDLE CEREBRAL ART DOPPLER,General US,
USD7982,US TRANSPLANTED KIDNEY,General US,
USD7988,US PLEURX ABDOMEN,US Procedure (IR or PA),
USD7992,US MUSCLE CORE BIOPSY,US Procedure (General),
USD7998,US RESCHD XLD  DEFERRED EXAM,Non-Radiology,
USD8001,US PLEURX REMOVAL,US Procedure (IR or PA),
USD8002,US MSK EXTREMITY COMPLETE (SHOULDER),MSK,
USD8003,US MAGSEED PLACEMENT,Mamm (Procedures),
USD8004,US GUIDED PROCEDURE,US Procedure (General),
USD8006,US SUPERFICIAL MASS OR SOFT TISSUE,General US,
USD8008,US GUIDANCE NEXPLANON REMOVAL,Non-Radiology,
USD8009,US TRANSVAGINAL (NON-OB) WITH DOPPLER,General US,
USD8010,US GANGLION CYST ASPIRATION,US Procedure (MSK),
USD8011,US EXTREMITY LIMITED - ACHILLES,MSK,
USD8012,US POST VOID RESIDUAL,General US,
USD8013,US INFANT SPINE,General US,
USD8014,US PELVIS (TRANSABD ONLY) WITH DOPPLER,General US,
USD8015,US FAST SCAN,Non-Radiology,
USD8018,US EXTREMITY LIMITED BILATERAL,General US,
VAS0008,LOWER EXTREMITY VENOUS INSUFFICIENCY DUPLEX BILATERAL,Vascular US,
VAS0015,US CAROTID DOPPLER UNI,General US,
VAS0016,US CAROTID DOPPLER BIL,General US,
VAS0018,LOWER EXTREMITY VENOUS INSUFFICIENCY DUPLEX UNILATERAL,Vascular US,
VAS7506,ARTERIAL DUPLEX BILATERAL LOWER EXTREMITY,Vascular US,
VAS7508,ARTERIAL DUPLEX BILATERAL UPPER EXTREMITY,Vascular US,
VAS7509,ARTERIAL DUPLEX UNILATERAL LOWER EXTREMITY,Vascular US,
VAS7514,RENAL DUPLEX COMPLETE,Vascular US,
VAS7515,MESENTERIC DUPLEX COMPLETE,General US,
VAS7516,PORTAL DUPLEX COMPLETE (TIPS),Vascular US,
VAS7520,AORTO-ILIAC DUPLEX COMPLETE,Vascular US,
VAS7525,LOWER EXTREMITY ARTERIAL PHYSIOLOGIC MULTILEVEL,Vascular US,
VAS7526,UPPER EXTREMITY ARTERIAL PHYSIOLOGIC SINGLE LEVEL,Vascular US,
VAS7527,LOWER EXTREMITY ARTERIAL PHYSIOLOGIC SINGLE LEVEL,Vascular US,
VAS7532,UPPER EXTREMITY VENOUS DUPLEX BILATERAL,Vascular US,
VAS7533,LOWER EXTREMITY VENOUS DUPLEX BILATERAL,General US,
VAS7534,UPPER EXTREMITY VENOUS DUPLEX UNILATERAL,Vascular US,
VAS7535,LOWER EXTREMITY VENOUS DUPLEX UNILATERAL,General US,
VAS7558,LOWER EXTREMITY VENOUS DUPLEX LIMITED UNILATERAL,General US,
VAS7559,LOWER EXTREMITY VENOUS DUPLEX LIMITED BILATERAL,General US,
VAS7600,UNNA BOOT ABI 30MIN,Vascular US,
VAS7900,ARTERIAL DUPLEX UNILATERAL LOWER EXT WITH PHYSIOLOGY,Vascular US,
VAS7901,ARTERIAL DUPLEX BILATERAL UPPER EXT WITH PHYSIOLOGY,Vascular US,
VAS7902,ARTERIAL DUPLEX UNILATERAL UPPER EXT WITH PHYSIOLOGY,Vascular US,
VAS7903,ARTERIAL DUPLEX BILATERAL LOWER EXT WITH PHYSIOLOGY,Vascular US,
VAS7904,AAA SCREENING,General US,
,NULL,Non-Radiology,Null Field